,min,max
0,0.5,11.0
1,0.15,8.55
2,1.64,142.5
3,1.0,165.0
4,64.470001,8546.030273
